<configuration>
    <property name="LOG_DIR" value="logs/api-cadastro-logs.log"/>
        <appender name="FILE-ROLLING" class="ch.qos.logback.core.rolling.RollingFileAppender">
            <file>${LOG_DIR}</file>
            <rollingPolicy class="ch.qos.logback.core.rolling.SizeAndTimeBasedRollingPolicy">
                <fileNamePattern>logs/logsarquivados/api-logs.%d{yyyy-MM-dd}.%i.log.gz</fileNamePattern>
                <maxFileSize>100kb</maxFileSize>
                <totalSizeCap>1GB</totalSizeCap>
                <maxHistory>60</maxHistory>
            </rollingPolicy>
            <encoder>
                <pattern>%d %p %c{1.} [%t] %m%n</pattern>
            </encoder>
        </appender>
        <logger name="acc.br.cadastro" level="debug" additivity="false">
            <appender-ref ref="FILE-ROLLING"/>
        </logger>
        <root level="info">
            <appender-ref ref="FILE-ROLLING"/>>
        </root>
</configuration>